﻿Designator,Quantity,Value,Footprint,Package,MPN,DNP,Mount_Type,Description,Height,Manufacturer_Name,Mouser Part Number,Mouser Price/Stock,Arrow Part Number,Arrow Price/Stock,MF,MAXIMUM_PACKAGE_HEIGHT,Price,Check_prices,STANDARD,SnapEDA_Link,MP,Description_1,Availability,MANUFACTURER
"C1, C2",2,0.1uF,C_0201_0603Metric,,,,smt,Unpolarized capacitor,,,,,,,,,,,,,,,,
"C3, C4",2,10uF,CP_Elec_4x4.5,,,,smt,Polarized capacitor,,,,,,,,,,,,,,,,
J1,1,1-2483180-2,1-2483180-2,,1-2483180-2,,smt,"PCB Mount Header, Vertical, Wire-to-Board, 12 Position, .8 mm [.031 in] Centerline, Header & Push-Push Assembly, Gold Flash, Surface Mount",2.9,TE Connectivity,571-1-2483180-2,https://www.mouser.co.uk/ProductDetail/TE-Connectivity/1-2483180-2?qs=a2MtRaTmNOSV0oP1fjpTHA%3D%3D,1-2483180-2,https://www.arrow.com/en/products/1-2483180-2/te-connectivity?utm_currency=USD&region=nac,,,,,,,,,,
M1,1,Motor_DC,R_2816_7142Metric_Pad3.20x4.45mm_HandSolder,,,,smt,DC Motor,,,,,,,,,,,,,,,,
Q1,1,SS8550,SOT-416,,,,smt,"General Purpose PNP Transistor, 1.5A Ic, 25V Vce, SOT-23",,,,,,,,,,,,,,,,
"R1, R3, R4",3,10k,R_0201_0603Metric,,,,smt,Resistor,,,,,,,,,,,,,,,,
R2,1,75k,R_0201_0603Metric,,,,smt,Resistor,,,,,,,,,,,,,,,,
"R5, R6",2,R,R_0201_0603Metric,,,,smt,Resistor,,,,,,,,,,,,,,,,
"R7, R8",2,100,R_0201_0603Metric,,,,smt,Resistor,,,,,,,,,,,,,,,,
"STRAIN1, STRAIN2",2,~,R_2816_7142Metric_Pad3.20x4.45mm_HandSolder,,,,smt,Resistor,,,,,,,,,,,,,,,,
U1,1,Teensy 4.0,MODULE_Teensy 4.0,None,,,tht,,,,,,,,SparkFun Electronics,5.87mm,None,https://www.snapeda.com/parts/DEV-15583/SparkFun/view-part/?ref=eda,Manufacturer Recommendations,https://www.snapeda.com/parts/DEV-15583/SparkFun/view-part/?ref=snap,DEV-15583,RT1062 Teensy 4.0 series ARM® Cortex®-M7 MPU Embedded Evaluation Board,In Stock,Sparkfun
U2,1,HX711,SOP-16_3.9x9.9mm_P1.27mm,,,,smt,24-Bit Analog-to-Digital Converter (ADC) for Weight Scales,,,,,,,,,,,,,,,,
U3,1,MPR121QR2,UQFN-20_3x3mm_P0.4mm,,,,smt,"12ch Touch Sensor controller, UQFN-20",,,,,,,,,,,,,,,,
