﻿pos_x,pos_y,rotation,side,designator,mpn,pack,footprint,value,mount_type
136.95,-75.9,-90.0,top,C1,,,C_0201_0603Metric,0.1uF,smt
131.2,-74.65,90.0,top,C2,,,C_0201_0603Metric,0.1uF,smt
139.0,-81.6,90.0,top,C3,,,CP_Elec_4x4.5,10uF,smt
132.5,-81.6,90.0,top,C4,,,CP_Elec_4x4.5,10uF,smt
135.7,-67.15,180.0,top,J1,1-2483180-2,,1-2483180-2,1-2483180-2,smt
136.6,-106.2,0.0,top,M1,,,R_2816_7142Metric_Pad3.20x4.45mm_HandSolder,Motor_DC,smt
139.15,-88.7,0.0,top,Q1,,,SOT-416,SS8550,smt
132.65,-76.995,90.0,top,R1,,,R_0201_0603Metric,10k,smt
140.045,-73.15,0.0,top,R2,,,R_0201_0603Metric,75k,smt
134.35,-76.995,90.0,top,R3,,,R_0201_0603Metric,10k,smt
135.95,-76.98,90.0,top,R4,,,R_0201_0603Metric,10k,smt
138.905,-85.95,180.0,top,R5,,,R_0201_0603Metric,R,smt
140.905,-85.95,180.0,top,R6,,,R_0201_0603Metric,R,smt
124.5,-76.595,-90.0,top,R7,,,R_0201_0603Metric,100,smt
121.75,-76.595,90.0,top,R8,,,R_0201_0603Metric,100,smt
115.5,-68.7,0.0,top,STRAIN1,,,R_2816_7142Metric_Pad3.20x4.45mm_HandSolder,~,smt
123.3,-70.7,-90.0,top,STRAIN2,,,R_2816_7142Metric_Pad3.20x4.45mm_HandSolder,~,smt
119.62,-96.79,0.0,top,U1,,None,MODULE_Teensy 4.0,Teensy 4.0,tht
136.75,-96.45,0.0,top,U2,,,SOP-16_3.9x9.9mm_P1.27mm,HX711,smt
135.8375,-72.7,90.0,top,U3,,,UQFN-20_3x3mm_P0.4mm,MPR121QR2,smt
